depart,fin,A_final,drawdown_t0_pct,B10_declenche,B10_mois_attente,B10_final,B10_ecart_pct,B20_declenche,B20_mois_attente,B20_final,B20_ecart_pct,B30_declenche,B30_mois_attente,B30_final,B30_ecart_pct
1999-01,2009-01,0.7161801991368559,0.0,True,23,0.5456223224618612,-23.814938877192084,True,26,0.6244370261578939,-12.81006834446574,True,32,0.7220256517606084,0.8161985811388606
1999-02,2009-02,0.6687860960744865,0.0,True,22,0.5254769321348427,-21.428251092660666,True,25,0.6013816504726869,-10.0786254375558,True,31,0.6953671226241762,3.9745184156354307
1999-03,2009-03,0.583920266179935,0.0,True,21,0.4847487977901306,-16.98373461818582,True,24,0.5547703700242977,-4.992102148866795,True,30,0.641471311300786,9.855976655401232
1999-04,2009-04,0.6114248432489455,0.0,True,20,0.5371102500528487,-12.154330007464075,True,23,0.6146953917659177,0.53490605641624,True,29,0.7107615696731673,16.24675992823148
1999-05,2009-05,0.6271849940263517,0.0,True,19,0.5529121879295607,-11.842248587610571,True,22,0.6327799068032502,0.8920673852511607,True,28,0.7316723792658434,16.659739348786374
1999-06,2009-06,0.6170277899273913,0.0,True,18,0.5526157876088621,-10.439076386836454,True,21,0.6324406916956753,2.49792667686779,True,27,0.7312801507481963,18.516566463602825
1999-07,2009-07,0.5941307211199071,0.0,True,17,0.5553268941901228,-6.53119348156933,True,20,0.6355434154324188,6.970300110798999,True,26,0.7348677761362027,23.687893928631265
1999-08,2009-08,0.6743429208087633,0.0,True,16,0.5917599147454501,-12.246440722513785,True,19,0.6772391563743744,0.4294900229897092,True,25,0.7830798347876454,16.124869205784798
1999-09,2009-09,0.6812138363422267,0.0,True,15,0.5989862574858801,-12.070744084980278,True,18,0.6855093384858242,0.6305658978775552,True,24,0.7926425022449858,16.35736973592237
1999-10,2009-10,0.708653868577344,0.0,True,14,0.6015098197668878,-15.119376829982311,True,17,0.6883974272996517,-2.858439384287581,True,23,0.795981949011903,12.323093728377476
1999-11,2009-11,0.6478170301054471,0.0,True,13,0.6087685845441426,-6.027696671535243,True,16,0.6967047147849534,7.546526628290207,True,22,0.8055875207664215,24.35417460934819
1999-12,2009-12,0.644752623658212,0.0,True,12,0.6345448519360353,-1.583207473318926,True,15,0.7262043431781251,12.633018700687181,True,21,0.8396974270100173,30.235596754259507
2000-01,2010-01,0.6700144527224005,0.0,True,11,0.6554594750829524,-2.172337862311524,True,14,0.7501400667426369,11.958788902936401,True,20,0.8673738870581413,29.45599658840652
2000-02,2010-02,0.6752984270330837,0.0,True,10,0.6617965600786763,-1.9993926261205441,True,13,0.7573925385465488,12.156715938780515,True,19,0.8757597938217336,29.68485617083023
2000-03,2010-03,0.6803991298111391,0.0,True,9,0.7046387541581889,3.5625595749627204,True,12,0.8064232529505772,18.522087642060757,True,18,0.932453154466407,37.04502454687608
2000-04,2010-04,0.6920230368465264,0.0,True,8,0.7394338045792069,6.851038940658127,True,11,0.8462444202955647,22.28558519551722,True,17,0.9784976763344339,41.39669118434859
2000-05,2010-05,0.6863679472460681,0.0,True,7,0.7406081800944666,7.902500847545113,True,10,0.8475884334052787,23.488929925425527,True,16,0.9800517352721091,42.788097725774655
2000-06,2010-06,0.6920726406966653,0.0,True,6,0.7315486228319102,5.704022932550412,True,9,0.8372202304149525,20.97288365166068,True,15,0.9680631628331272,39.87883726463161
2000-07,2010-07,0.6455240670867708,0.0,True,5,0.6942698646677239,7.551352469465833,True,8,0.7945565857497711,23.087058447809582,True,14,0.9187319339734349,42.32342073931377
2000-08,2010-08,0.6171795461454916,0.0,True,4,0.6925796667650299,12.216885846337444,True,7,0.7926222401254671,28.426524351896987,True,13,0.916495283836412,48.49735211742756
2000-09,2010-09,0.6105376097376528,0.0,True,3,0.7022267701375514,15.017774325040723,True,6,0.8036628597866915,31.63199890863797,True,12,0.9292613599542631,52.20378648803723
2000-10,2010-10,0.6225315546906377,0.0,True,3,0.7190812388346834,15.509203255090487,True,11,0.9122722769436342,46.54233509448063,True,20,1.0002830423116795,60.67989401898872
2000-11,2010-11,0.6567180231421114,0.0,True,2,0.7472326376945291,13.782873526044636,True,10,0.9479869352465522,44.352203204481164,True,19,1.039443244770153,58.27847084154432
2000-12,2010-12,0.7642450178854485,0.0,True,3,0.8746395933200362,14.444919214525331,True,9,1.0113305200816993,32.3306657438081,True,19,1.2948097911774226,69.4233865939967
2001-01,2011-01,0.8123601326320834,0.0,True,8,1.030611825022013,26.86637165253105,True,8,1.030611825022013,26.86637165253105,True,18,1.319495709309685,62.42743289659718
2001-02,2011-02,0.8231052643502483,0.0,True,7,1.0368913413087655,25.973115009448744,True,7,1.0368913413087655,25.973115009448744,True,17,1.3275353946652588,61.283793478493045
2001-03,2011-03,0.860453857662989,0.0,True,6,0.9949278011454052,15.628257376595457,True,6,0.9949278011454052,15.628257376595457,True,16,1.2738093361739198,48.0392382263952
2001-04,2011-04,0.8342439106497478,0.0,True,5,0.982343942435154,17.752605670212084,True,5,0.982343942435154,17.752605670212084,True,15,1.2576981804782426,50.75904833380071
2001-05,2011-05,0.7772900019980682,0.0,True,4,0.9937008302312793,27.841710002304776,True,4,0.9937008302312793,27.841710002304776,True,14,1.2722384412769954,63.67616179374931
2001-06,2011-06,0.7440905189807886,0.0,True,3,0.9493511551318039,27.585438990967013,True,3,0.9493511551318039,27.585438990967013,True,13,1.2154574063788304,63.34805717504537
2001-07,2011-07,0.8031407250673173,0.0,True,2,0.984001357935566,22.51917095264835,True,11,1.078932131153019,34.33911361705453,True,12,1.2598201749947424,56.8616975423762
2001-08,2011-08,0.76556654282042,0.0,True,1,0.874995587417781,14.293864540398271,True,11,1.1202597284753737,46.33081068932692,True,11,1.1202597284753737,46.33081068932692
2001-09,2011-09,0.9021711325418812,0.0,True,8,0.890056347367583,-1.3428477965333085,True,10,1.155052668279491,28.03032890501742,True,10,1.155052668279491,28.03032890501742
2001-10,2011-10,0.8954050307109359,0.0,True,7,0.9152528889547707,2.2166346584043595,True,9,1.1877509717945123,32.649575449834,True,9,1.1877509717945123,32.649575449834
2001-11,2011-11,0.8623418902638688,0.0,True,6,0.9407928526276482,9.097431453756034,True,8,1.2208949443928392,41.57899067378676,True,8,1.2208949443928392,41.57899067378676
2001-12,2011-12,0.8924653799547948,0.0,True,5,0.9820201279661454,10.034534674710493,True,7,1.2743968092202336,42.79509747311256,True,7,1.2743968092202336,42.79509747311256
2002-01,2012-01,0.9471794524320938,0.0,True,4,1.0456682142889473,10.398110052320252,True,6,1.3569948291719682,43.266920084423546,True,6,1.3569948291719682,43.266920084423546
2002-02,2012-02,0.9814684721267519,0.0,True,3,1.0593093029574345,7.9310576998982585,True,5,1.3746972767882049,40.06535266582352,True,5,1.3746972767882049,40.06535266582352
2002-03,2012-03,0.9709278394623859,0.0,True,2,1.0893223344598026,12.193954090653447,True,4,1.4136460829199697,45.59744045476357,True,4,1.4136460829199697,45.59744045476357
2002-04,2012-04,1.0204156555235082,0.0,True,2,1.21126012569004,18.702620753953635,True,3,1.414333579889058,38.60367314371087,True,6,1.4822037470736056,45.25490069173668
2002-05,2012-05,1.0823044855117212,0.0,True,2,1.4045388110297816,29.772982541572457,True,2,1.4045388110297816,29.772982541572457,True,9,1.6576451212411116,53.158851638443075
2002-06,2012-06,1.2107183078187824,0.0,True,1,1.4137009237046012,16.765470099441227,True,8,1.6684583015223613,37.80730750889847,True,76,1.901607449277767,57.06440028181976
2002-07,2012-07,1.4820544063615264,0.0,True,7,1.7491294913508695,18.02059923326418,True,68,1.690593873791167,14.070972464608044,True,75,1.9935515724122899,34.51271180431894
2002-08,2012-08,1.4761842686806095,0.0,True,6,1.78486092177642,20.91044184962767,True,67,1.7251295314871453,16.864104847089266,True,74,2.0342760868988568,37.80637892294172
2002-09,2012-09,1.5413710887162198,0.0,True,5,1.7656727420890197,14.55208645178474,True,66,1.706583495193587,10.718535444632593,True,73,2.012406564958541,30.559511573208397
2002-10,2012-10,1.5496278138766126,0.0,True,4,1.745135544085689,12.616431407486562,True,65,1.686733586252625,8.847658202070008,True,72,1.9889995138654513,28.353369502944602
2002-11,2012-11,1.4564396921939762,0.0,True,3,1.7093822736188968,17.36718538917934,True,64,1.652176819404864,13.439425488056433,True,71,1.9482501074261913,33.767990385606254
2002-12,2012-12,1.497999702146541,0.0,True,2,1.7049589665951816,13.815707983925552,True,63,1.6479015408773623,10.00680030283192,True,70,1.9432086907009023,29.72023211462622
2003-01,2013-01,1.6084906562083774,0.0,True,58,1.4275621890186365,-11.248338092074183,True,62,1.6904422545816813,5.094937795068377,True,69,1.9933727827466199,23.92815432608777
2003-02,2013-02,1.7801002181909955,0.0,True,57,1.4529694356321916,-18.37709917766577,True,61,1.7205281475666,-3.3465571216509837,True,68,2.0288501260620864,13.97392716034156
2003-03,2013-03,1.861947046915474,0.0,True,56,1.5347498811383806,-17.572850222520152,True,60,1.8173681463740856,-2.3942088264668038,True,67,2.1430440403356186,15.096938115711378
2003-04,2013-04,1.7950413801678808,0.0,True,55,1.545261515803232,-13.914991995409508,True,59,1.829815457979057,1.9372298708748348,True,66,2.157721934303582,20.204579022116008
2003-05,2013-05,1.902524001478297,0.0,True,54,1.618003695068716,-14.954886571128846,True,58,1.9159528287126304,0.7058427238709752,True,65,2.2592952888102413,18.75252491189212
2003-06,2013-06,1.7687947017606203,0.0,True,53,1.5712152560071813,-11.170287063658247,True,57,1.8605484792391338,5.187361619026998,True,64,2.193962372535275,24.037140678420844
2003-07,2013-07,1.7822177960839498,0.0,True,52,1.6330213860873488,-8.371390428511539,True,56,1.9337359695519107,8.501664263531117,True,63,2.280265202952351,27.945372780069633
2003-08,2013-08,1.7268195281595615,0.0,True,51,1.6065476665562395,-6.96493522583147,True,55,1.9023872167791178,10.16711276172999,True,62,2.2432986929275502,29.90927287685068
2003-09,2013-09,1.7044832579625864,0.0,True,50,1.6167878569543037,-5.144984592756119,True,54,1.9145130987035675,12.322200277404626,True,61,2.257597556393301,32.45055625197906
2003-10,2013-10,1.736990160414794,0.0,True,49,1.6140651917061921,-7.0768949364253935,True,53,1.9112890651617063,10.034536102685209,True,60,2.253795769792433,29.75293822356633
2003-11,2013-11,1.802301381926214,0.0,True,48,1.6926279327623868,-6.085189206624997,True,52,2.0043188316676734,11.20886061384212,True,59,2.363496650751634,31.137703963009855
2003-12,2013-12,1.8349430541431764,0.0,True,47,1.6882067537509913,-7.99677679701637,True,51,1.9990835096106563,8.945261548954452,True,58,2.3573231488357376,28.46846355874981
2004-01,2014-01,1.826381215245195,0.0,True,46,1.712888550751846,-6.214073137962728,True,50,2.0283103642375186,11.056243204144778,True,57,2.391787512454534,30.957737217716176
2004-02,2014-02,1.7984835342549341,0.0,True,45,1.7019006677710846,-5.370239128925991,True,49,2.015299105027965,12.055465988063773,True,56,2.376444610378294,32.13602266104674
2004-03,2014-03,1.7990893749124228,0.0,True,44,1.7247660137087752,-4.1311655907736995,True,48,2.042375016141351,13.522710134440707,True,55,2.408372577237384,33.86619980203154
2004-04,2014-04,1.7481053962504145,0.0,True,43,1.7276052984656323,-1.1727037642440652,True,47,2.0457371442242485,17.02596128427021,True,54,2.412337205188673,37.99724034734964
2004-05,2014-05,1.8326951057513523,0.0,True,42,1.7601365845564658,-3.9591157834810486,True,46,2.0842589410516315,13.726442249494909,True,53,2.4577621826642893,34.10644110694439
2004-06,2014-06,1.8808172444411548,0.0,True,41,1.8324703508529492,-2.570525856836825,True,45,2.1699126911447677,15.370735650050428,True,52,2.558765250774467,36.04539507158498
2004-07,2014-07,1.980996178927672,0.0,True,40,1.8651733232180647,-5.846697582844563,True,44,2.208637789610993,11.491269549371118,True,51,2.6044299619366127,31.47072112710536
2004-08,2014-08,2.0206155316723584,0.0,True,39,1.8843584717551856,-6.743344183066824,True,43,2.2313558091810335,10.429508939499055,True,50,2.631219094642024,30.218690958210193
2004-09,2014-09,2.072596064892991,0.0,True,38,1.9778233565663341,-4.5726569654347955,True,42,2.342031891680101,12.99991982764963,True,49,2.7617285456195457,33.24972445907519
2004-10,2014-10,2.096843207502284,0.0,True,37,1.9542423363104975,-6.800740784126136,True,41,2.3141085175859635,10.361542975951998,True,48,2.728801248771136,30.138545362274716
2004-11,2014-11,2.234340313690809,0.0,True,36,2.095804314460674,-6.200308806194932,True,40,2.4817385874687563,11.072542184466116,True,47,2.926470952050627,30.976957006899177
2004-12,2014-12,2.284067839892718,0.0,True,35,2.129931060584617,-6.7483450629619135,True,39,2.5221496421345804,10.423587166878768,True,46,2.9741237460307874,30.21170799245969
2005-01,2015-01,2.3790484742877043,0.0,True,34,2.2318564248671158,-6.187013464055557,True,38,2.6428441687353526,11.088285812529719,True,45,3.116446965709181,30.995521923623535
2005-02,2015-02,2.4414008464937,0.0,True,33,2.344448194304179,-3.971189423021737,True,37,2.77616927781895,13.712145295846812,True,44,3.2736641927298904,34.089582111494465
2005-03,2015-03,2.603168640690821,0.0,True,32,2.4565882058819066,-5.630846673460821,True,36,2.9089594395775675,11.746868570358803,True,43,3.430250608828234,31.772123988015032
2005-04,2015-04,2.6407233974263566,0.0,True,31,2.4731484476558294,-6.345797137778442,True,35,2.9285691859382292,10.900262738324141,True,42,3.4533744597411897,30.77380475012419
2005-05,2015-05,2.501645065931019,0.0,True,30,2.415994399778403,-3.4237737127085333,True,34,2.8608904408050284,14.360365495746752,True,41,3.373567552316037,34.853964627492864
2005-06,2015-06,2.321266423062061,0.0,True,29,2.3886977124579882,2.904935371743167,True,33,2.8285671739018525,21.854481924164215,True,40,3.3354518933400423,43.69104124377654
2005-07,2015-07,2.303857008237102,0.0,True,28,2.4322680591674093,5.573742227542455,True,32,2.8801608317410334,25.01473925870581,True,39,3.396291234654553,47.41762281737161
2005-08,2015-08,2.2597618105157995,0.0,True,27,2.3395836146789017,3.5323105201464866,True,31,2.7704089046368905,22.59738578397048,True,38,3.2668715495097747,44.56707491503711
2005-09,2015-09,2.123480753587643,0.0,True,26,2.211752710134071,4.156946390839256,True,30,2.619038432550817,23.337045938651624,True,37,3.0883751954639194,45.43928360292773
2005-10,2015-10,2.2356177215603066,0.0,True,25,2.303295653988511,3.0272587202864853,True,29,2.7274386560862443,21.99933064507471,True,36,3.2162009491408123,43.861847136196715
2005-11,2015-11,2.2719532119972707,0.0,True,24,2.4767764182908363,9.015291565511841,True,28,2.9328652333587715,29.090036620098083,True,35,3.458440367185403,52.22322136401274
2005-12,2015-12,2.180227620853318,0.0,True,23,2.4081383044615543,10.453527027560284,True,27,2.8515876758664644,30.793117589730535,True,34,3.362597713871356,54.23149774404155
2006-01,2016-01,2.062125177481034,0.0,True,22,2.255951129386678,9.399330070854873,True,26,2.6713758200671434,29.54479433350079,True,33,3.150091544255097,52.759472540995624
2006-02,2016-02,1.9765009379791683,0.0,True,21,2.1909318385054446,10.849015874766877,True,25,2.5943834777971846,31.26143418124341,True,32,3.0593020250361587,54.78373757636956
2006-03,2016-03,2.0788598237819604,0.0,True,20,2.3163688949553394,11.424968074148033,True,24,2.7429192839038294,31.943445754499233,True,31,3.234455735465377,55.58796694531822
2006-04,2016-04,2.123537983321679,0.0,True,19,2.332101509980815,9.821511472702603,True,23,2.761548999245627,30.044718810537073,True,30,3.2564239319015496,53.34898445319016
2006-05,2016-05,2.226407851762967,0.0,True,18,2.3264815444544493,4.494849971546766,True,22,2.754894138765194,23.73717315916528,True,29,3.248576507525642,45.911114396819855
2006-06,2016-06,2.309847916434687,0.0,True,17,2.36226008493615,2.2690744325004397,True,21,2.797261159342494,21.101529647897465,True,28,3.298535780299354,42.80315846035152
2006-07,2016-07,2.4106700706989317,0.0,True,16,2.4729375576211696,2.582994980486264,True,20,2.9283194613178933,21.473257452807637,True,27,3.4530799839849147,43.24150060832481
2006-08,2016-08,2.376492455809415,0.0,True,15,2.462145716304808,3.604188192813784,True,19,2.9155403440883605,22.682499452553493,True,26,3.4380108241814145,44.667441117983884
2006-09,2016-09,2.289541616565436,0.0,True,14,2.4422725791349955,6.670809626892593,True,18,2.8920076454351107,26.31382738407875,True,25,3.4102610203222024,48.949510052495526
2006-10,2016-10,2.220685244647297,0.0,True,13,2.46785425625197,11.130303684434551,True,17,2.922300089627211,31.594520055062937,True,24,3.445981929221481,55.176513084311175
2006-11,2016-11,2.2968617379351914,0.0,True,12,2.541399079292228,10.646585178299329,True,16,3.009387907887828,31.021726653567573,True,23,3.5486760532940345,54.50107399517159
2006-12,2016-12,2.4508496964326696,0.0,True,11,2.6954424119026403,9.979914958717684,True,15,3.1917977254665857,30.232291686936243,True,22,3.7637740637003394,53.5701707525637
2007-01,2017-01,2.408772713492631,0.0,True,10,2.70276862553012,12.205215975367212,True,14,3.200473033048456,32.867373294339956,True,21,3.774004003213971,56.67746409090648
2007-02,2017-02,2.4448446817324085,0.0,True,9,2.7598901134297082,12.88611231835224,True,13,3.2681132224096068,33.67365407007503,True,20,3.853765445598,57.6282319442573
2007-03,2017-03,2.573168022277724,0.0,True,8,2.788536369640433,8.369773971155947,True,12,3.3020345761038183,28.325649452961656,True,19,3.893765571615138,51.32185453511286
2007-04,2017-04,2.5104164222535834,0.0,True,7,2.7692815113411933,10.31163940742661,True,11,3.2792340099880994,30.625101912150242,True,18,3.8668790998630853,54.03337333141784
2007-05,2017-05,2.394953486420636,0.0,True,6,2.721477866520579,13.633850592561947,True,10,3.2226275085345044,34.55908546060591,True,17,3.800128603643369,58.67233435597239
2007-06,2017-06,2.3723932335777036,0.0,True,5,2.7155128249159124,14.463015088808229,True,9,3.215564027548224,35.54093739759032,True,16,3.7917993331750415,59.83013606293224
2007-07,2017-07,2.3735116434877024,0.0,True,6,2.847003211447479,19.948988632893982,True,8,3.1528474068782812,32.8347141472372,True,15,3.717843772533755,56.638952361348196
2007-08,2017-08,2.4065627891559074,0.0,True,5,2.775418431756796,15.327073295696692,True,7,3.0735725096416973,27.71628163999582,True,14,3.624362660074492,50.6032868290847
2007-09,2017-09,2.402493044659186,0.0,True,4,2.7868706349321357,15.999113551126932,True,6,3.086254985354837,28.460516970722338,True,13,3.6393178600145637,51.48089057343481
2007-10,2017-10,2.485096807702312,0.0,True,3,2.890537507143912,16.314885528200595,True,5,3.2010584488415903,28.81021129318688,True,12,3.774694326651793,51.89325079620644
2007-11,2017-11,2.7386942241845134,0.0,True,4,3.2430141919931867,18.414613919114764,True,8,3.4795267593428667,27.050575000900178,True,12,4.033578967008041,47.281099561565654
2007-12,2017-12,2.7379965358895597,0.0,True,3,3.2973009579034986,20.42750656118797,True,7,3.537772651429764,29.210267619289066,True,11,4.1010994723771965,49.784684480792166
2008-01,2018-01,3.0187783694925687,0.0,True,6,3.586885852135156,18.81911863367702,True,9,3.9421614687857542,30.587972559522434,True,13,4.5700260226377205,51.38660289943391
2008-02,2018-02,2.949895372383339,0.0,True,5,3.4307867565995305,16.301981036963365,True,9,3.9770779933082254,34.82098485733698,True,13,4.732958400331603,60.444958307373994
2008-03,2018-03,3.1892778960876136,0.0,True,4,3.4218714829604684,7.292985887438186,True,8,3.966743122297654,24.37746886728751,True,12,4.72065929162714,48.01655564158016
2008-04,2018-04,3.06982894674487,0.0,True,3,3.3693735094297224,9.757695555072488,True,7,3.9058857883870637,27.23463932831556,True,11,4.648235459296328,51.41675773906363
2008-05,2018-05,3.1270216695671493,0.0,True,2,3.551326419775969,13.568973772655468,True,6,4.116811435154363,31.65279522109048,True,10,4.89924947345255,56.674624967684274
2008-06,2018-06,3.3775633889554526,0.0,True,4,4.018550622313334,18.977800252510235,True,6,4.521801091405177,33.877608520726874,True,9,5.044191351780255,49.34409131371551
2008-07,2018-07,3.6973826938274033,0.0,True,3,4.063602855464508,9.904848698742775,True,5,4.572495298391659,23.66843459361707,True,8,5.100742110050588,37.95548182139823
2008-08,2018-08,3.56254956296112,0.0,True,2,4.196025298391249,17.781527645712146,True,4,4.721501246861703,32.53152450003489,True,7,5.266962273530365,47.84249820099544
2008-09,2018-09,3.6133732518331128,0.0,True,1,4.2054816726324,16.3865833815785,True,3,4.732141860202977,30.961888805766137,True,6,5.278832165351948,46.09152715330267
2008-10,2018-10,4.089646291994441,0.0,True,2,4.6018002022719555,12.523183515407311,False,,1.0422859792850279,-74.5140311687756,False,,1.0422859792850279,-74.5140311687756
2008-11,2018-11,4.255446201488472,0.0,True,4,5.064233057632458,19.005923652873058,False,,1.0384125822435042,-75.59803289534509,False,,1.0384125822435042,-75.59803289534509
2008-12,2018-12,4.269737217095624,0.0,True,3,4.763007286142075,11.552703221908933,False,,1.0353434637808905,-75.75158818590818,False,,1.0353434637808905,-75.75158818590818
2009-01,2019-01,4.291049793598952,0.0,True,2,4.81985274855793,12.32339358419483,False,,1.0329861621546073,-75.92695932600144,False,,1.0329861621546073,-75.92695932600144
2009-02,2019-02,4.7319635873549055,0.0,True,30,3.5007358195140292,-26.019383816288276,False,,1.031065441866049,-78.2106218099113,False,,1.031065441866049,-78.2106218099113
2009-03,2019-03,5.240937302249157,0.0,True,29,3.58087419215866,-31.67492786792313,False,,1.0294068526090379,-80.35834444790503,False,,1.0294068526090379,-80.35834444790503
2009-04,2019-04,4.922324953038052,0.0,True,28,3.730344252976588,-24.215806787111347,False,,1.0279296740027335,-79.11698874394108,False,,1.0279296740027335,-79.11698874394108
2009-05,2019-05,4.718214333400288,0.0,True,27,3.684763565870093,-21.90342986782917,False,,1.0265720708445811,-78.24236038669403,False,,1.0265720708445811,-78.24236038669403
2009-06,2019-06,4.731105373184397,0.0,True,26,3.697075971158196,-21.85597910980832,False,,1.0252470459950025,-78.32965099855866,False,,1.0252470459950025,-78.32965099855866
2009-07,2019-07,4.914049392541868,0.0,True,25,3.8642521367864213,-21.363180788307513,False,,1.0241064346064324,-79.1596226899808,False,,1.0241064346064324,-79.1596226899808
2009-08,2019-08,4.489962289595584,0.0,True,24,3.768060276106413,-16.078130882346308,False,,1.023027160029299,-77.21523937071989,False,,1.023027160029299,-77.21523937071989
2009-09,2019-09,4.611351224865216,0.0,True,23,3.9234661871905763,-14.917211986921386,False,,1.0220152294812694,-77.83696839290003,False,,1.0220152294812694,-77.83696839290003
2009-10,2019-10,4.560344851336589,0.0,True,22,3.904818542767951,-14.374489867285156,False,,1.0210375283687618,-77.61051934330128,False,,1.0210375283687618,-77.61051934330128
2009-11,2019-11,4.695415657727218,0.0,True,21,4.078140453633132,-13.146337813101583,False,,1.0200886335158865,-78.27479593127964,False,,1.0200886335158865,-78.27479593127964
2009-12,2019-12,4.576850232844748,0.0,True,20,4.1527358014595555,-9.266513209054338,False,,1.0191497313823794,-77.73250861326687,False,,1.0191497313823794,-77.73250861326687
2010-01,2020-01,4.573187230867718,0.0,True,19,4.295513270464321,-6.071782028279449,False,,1.0182419432124075,-77.73452317150799,False,,1.0182419432124075,-77.73452317150799
2010-02,2020-02,4.59935977526811,0.0,True,18,4.3721123984862995,-4.940848028540312,False,,1.017335086537003,-77.88094134302203,False,,1.017335086537003,-77.88094134302203
2010-03,2020-03,3.44917847257845,0.0,True,17,3.4998567172410513,1.469284499642498,False,,1.0164365050490356,-70.53105505760642,False,,1.0164365050490356,-70.53105505760642
2010-04,2020-04,3.4728597439287707,0.0,True,16,3.7077929581345215,6.764834503220563,False,,1.0156769993148647,-70.75387219162927,False,,1.0156769993148647,-70.75387219162927
2010-05,2020-05,3.6463769346982366,0.0,True,15,3.91089898032881,7.25438017977329,False,,1.0148677440073783,-72.16777743545688,False,,1.0148677440073783,-72.16777743545688
2010-06,2020-06,3.79491858865739,0.0,True,14,4.032769921892228,6.267626766638701,False,,1.0139364676606508,-73.28173335019098,False,,1.0139364676606508,-73.28173335019098
2010-07,2020-07,4.040074314070808,0.0,True,13,4.086874269315647,1.1583934256318873,False,,1.0128467714721412,-74.92999651158424,False,,1.0128467714721412,-74.92999651158424
2010-08,2020-08,4.14809237118836,0.0,True,12,4.199116992447002,1.2300743737783337,False,,1.0116890890312196,-75.61073866006058,False,,1.0116890890312196,-75.61073866006058
2010-09,2020-09,4.065210649803396,0.0,True,11,4.185988126782505,2.9710016868363276,False,,1.0105353923947757,-75.14186891044262,False,,1.0105353923947757,-75.14186891044262
2010-10,2020-10,4.201199900784742,0.0,True,10,4.260843686947832,1.419684556118117,False,,1.009270354804236,-75.97661671334149,False,,1.009270354804236,-75.97661671334149
2010-11,2020-11,4.164880588901418,0.0,True,9,4.403773389994737,5.735885963451648,False,,1.007960103357927,-75.79858337249954,False,,1.007960103357927,-75.79858337249954
2010-12,2020-12,3.940051169667858,0.0,True,8,4.458532556860967,13.15925516867884,False,,1.0066539155686332,-74.45074004829505,False,,1.0066539155686332,-74.45074004829505
2011-01,2021-01,3.955739009297255,0.0,True,7,4.575516124485707,15.667795922121709,False,,1.00534548621994,-74.58514113653465,False,,1.00534548621994,-74.58514113653465
2011-02,2021-02,4.042034071577887,0.0,True,6,4.717814676699359,16.718825055763787,False,,1.0039862935712471,-75.16135995411534,False,,1.0039862935712471,-75.16135995411534
2011-03,2021-03,4.299094718597641,0.0,True,5,4.828569576328111,12.315961670720865,False,,1.0025572908009832,-76.67980455364297,False,,1.0025572908009832,-76.67980455364297
2011-04,2021-04,4.574575632537212,0.0,True,4,5.086807083252754,11.197354505896362,False,,1.0010110690277587,-78.11794689964357,False,,1.0010110690277587,-78.11794689964357
2011-05,2021-05,4.471854388937249,0.0,True,3,5.043156005153586,12.775496841526369,False,,0.9993802578882489,-77.65177103349836,False,,0.9993802578882489,-77.65177103349836
2011-06,2021-06,4.786859709481909,0.0,True,2,5.169860824326626,8.00109336996153,False,,0.9976977131624248,-79.15757357195648,False,,0.9976977131624248,-79.15757357195648
2011-07,2021-07,4.83380938252276,0.0,True,1,5.423685525208182,12.203132064292666,False,,0.9959272922531915,-79.39663703219057,False,,0.9959272922531915,-79.39663703219057
2011-08,2021-08,5.560542393010022,0.0,True,54,2.479336930997312,-55.41195883851175,False,,0.9941948408173212,-82.12054201642107,False,,0.9941948408173212,-82.12054201642107
2011-09,2021-09,5.371939036853554,0.0,True,53,2.474538276752565,-53.935845887745806,False,,0.9924802521841434,-81.52472979727898,False,,0.9924802521841434,-81.52472979727898
2011-10,2021-10,5.306692378712073,0.0,True,52,2.517820003333538,-52.55387304088259,False,,0.9907326322406728,-81.33050567967683,False,,0.9907326322406728,-81.33050567967683
2011-11,2021-11,5.4795538363651355,0.0,True,51,2.6765201930112212,-51.15441379098318,False,,0.9890475530019712,-81.95021743489144,False,,0.9890475530019712,-81.95021743489144
2011-12,2021-12,5.302482026823579,0.0,True,50,2.7077538745715164,-48.9342187135412,False,,0.9874007777520972,-81.37851721595379,False,,0.9874007777520972,-81.37851721595379
2012-01,2022-01,4.857385408564913,0.0,True,49,2.6457878205339904,-45.53061785320277,False,,0.9859400651453364,-79.70224756292035,False,,0.9859400651453364,-79.70224756292035
2012-02,2022-02,4.62982297864873,0.0,True,48,2.5595482949109596,-44.71606567432963,False,,0.9846462548901198,-78.73252909601523,False,,0.9846462548901198,-78.73252909601523
2012-03,2022-03,4.58299964175627,0.0,True,47,2.610837566594749,-43.03212370328183,False,,0.9835379566129172,-78.53942759122687,False,,0.9835379566129172,-78.53942759122687
2012-04,2022-04,4.664908287561952,0.0,True,46,2.6645776482063637,-42.880385123306084,False,,0.9825627214247611,-78.93714815263209,False,,0.9825627214247611,-78.93714815263209
2012-05,2022-05,4.411788301666465,0.0,True,45,2.508235619149888,-43.14696337078432,False,,0.9816877728117068,-77.74852949220401,False,,0.9816877728117068,-77.74852949220401
2012-06,2022-06,4.223568159998592,0.0,True,44,2.4224328275695526,-42.64487429106957,False,,0.9809548811542663,-76.7742618564822,False,,0.9809548811542663,-76.7742618564822
2012-07,2022-07,4.194623193759199,0.0,True,43,2.528167817962271,-39.728368886061006,False,,0.9805795726664218,-76.62294019340432,False,,0.9805795726664218,-76.62294019340432
2012-08,2022-08,4.380514149418216,0.0,True,42,2.700807075729085,-38.34497541600719,False,,0.9806303369294973,-77.61380734132005,False,,0.9806303369294973,-77.61380734132005
2012-09,2022-09,4.189918411429947,0.0,True,41,2.5619427684967535,-38.85459054506012,False,,0.9812514289508419,-76.58065545443502,False,,0.9812514289508419,-76.58065545443502
2012-10,2022-10,4.116389953276112,0.0,True,40,2.4939377124447786,-39.41444467718789,False,,0.98224125356775,-76.13828464463107,False,,0.98224125356775,-76.13828464463107
2012-11,2022-11,4.266522087397193,0.0,True,39,2.5380318352471525,-40.51286309417683,False,,0.9835656781408703,-76.94689824655524,False,,0.9835656781408703,-76.94689824655524
2012-12,2022-12,4.1069995588475425,0.0,True,38,2.4423305671767963,-40.5324852807597,False,,0.9850890663845214,-76.0143858729572,False,,0.9850890663845214,-76.0143858729572
2013-01,2023-01,3.9794684402171523,0.0,True,37,2.4328227962890585,-38.865634120814796,False,,0.9868252499053597,-75.202083777513,False,,0.9868252499053597,-75.202083777513
2013-02,2023-02,4.052257821589133,0.0,True,36,2.5265212828490573,-37.65151690525316,False,,0.9887868620900911,-75.59911275086814,False,,0.9887868620900911,-75.59911275086814
2013-03,2023-03,3.7262714057404547,0.0,True,35,2.45873226190365,-34.01628614287503,False,,0.9909837256737885,-73.40548720774491,False,,0.9909837256737885,-73.40548720774491
2013-04,2023-04,3.752873425995268,0.0,True,34,2.4980145061568146,-33.43728331326983,False,,0.993389113442563,-73.52990626964419,False,,0.993389113442563,-73.52990626964419
2013-05,2023-05,3.6349753990511626,0.0,True,33,2.538024421271117,-30.177672676034682,False,,0.9959669741025325,-72.60044801506746,False,,0.9959669741025325,-72.60044801506746
2013-06,2023-06,3.931032696629424,0.0,True,32,2.6696336331112427,-32.088236371061974,False,,0.9986803229301624,-74.59496269806002,False,,0.9986803229301624,-74.59496269806002
2013-07,2023-07,3.841528464363123,0.0,True,31,2.715738762976409,-29.305775339955876,False,,1.0015012559873837,-73.92961511861607,False,,1.0015012559873837,-73.92961511861607
2013-08,2023-08,3.914607199163634,0.0,True,30,2.7268339465092435,-30.342080117467763,False,,1.0044140042985141,-74.34189554157287,False,,1.0044140042985141,-74.34189554157287
2013-09,2023-09,3.9316896621938806,0.0,True,29,2.7605611175074602,-29.786901950774293,False,,1.00741806689116,-74.37696884934144,False,,1.00741806689116,-74.37696884934144
2013-10,2023-10,3.8505907877339975,0.0,True,28,2.703332614071327,-29.7943416194015,False,,1.0104999096365106,-73.75727608201204,False,,1.0104999096365106,-73.75727608201204
2013-11,2023-11,3.7440165764053543,0.0,True,27,2.7608488298539045,-26.259706026606146,False,,1.0135964905300745,-72.92756402528451,False,,1.0135964905300745,-72.92756402528451
2013-12,2023-12,3.9086189648871903,0.0,True,26,2.8791351166883965,-26.338813208631773,False,,1.016628792527955,-73.99007675957237,False,,1.016628792527955,-73.99007675957237
2014-01,2024-01,3.9612875589305654,0.0,True,25,2.9649776820585068,-25.151162647253866,False,,1.019648056490578,-74.25968094157108,False,,1.019648056490578,-74.25968094157108
2014-02,2024-02,4.187935403904977,0.0,True,24,3.1190886827509563,-25.522044111697404,False,,1.0226779324627808,-75.58037949894833,False,,1.0226779324627808,-75.58037949894833
2014-03,2024-03,4.2307375114790275,0.0,True,23,3.19783741067072,-24.41418542289132,False,,1.0257014591144626,-75.75596556554305,False,,1.0257014591144626,-75.75596556554305
2014-04,2024-04,4.2309546105056315,0.0,True,22,3.207804079992342,-24.18249838872687,False,,1.0286833437689118,-75.68673175517768,False,,1.0286833437689118,-75.68673175517768
2014-05,2024-05,4.216167201629377,0.0,True,21,3.261512089827317,-22.642724212482,False,,1.0316181418065868,-75.53184936764585,False,,1.0316181418065868,-75.53184936764585
2014-06,2024-06,4.204535915601073,0.0,True,20,3.3914013609902964,-19.339460309843314,False,,1.034558721335732,-75.39422323645834,False,,1.034558721335732,-75.39422323645834
2014-07,2024-07,4.189078348545035,0.0,True,19,3.4446535273736,-17.77061108035831,False,,1.037505994667083,-75.23307256768226,False,,1.037505994667083,-75.23307256768226
2014-08,2024-08,4.03470911832516,0.0,True,18,3.357156291890848,-16.7931022178761,False,,1.0403584899959426,-74.21478328460506,False,,1.0403584899959426,-74.21478328460506
2014-09,2024-09,3.911998209791413,0.0,True,17,3.422201424179588,-12.520373459934198,False,,1.043205186771412,-73.33318854389161,False,,1.043205186771412,-73.33318854389161
2014-10,2024-10,4.155001487574282,0.0,True,16,3.5975600750803403,-13.416154342206498,False,,1.0458469057284023,-74.8292050230053,False,,1.0458469057284023,-74.8292050230053
2014-11,2024-11,4.065680289322225,0.0,True,15,3.781727253826839,-6.984145709664813,False,,1.048361331059277,-74.21436865528732,False,,1.048361331059277,-74.21436865528732
2014-12,2024-12,4.1097747104901705,0.0,True,14,3.8916933876337074,-5.306405781801427,False,,1.0507195565384502,-74.43364586733925,False,,1.0507195565384502,-74.43364586733925
2015-01,2025-01,3.9424651689996013,0.0,True,13,3.918634377960773,-0.604464212549416,False,,1.053002614995751,-73.29075667489157,False,,1.053002614995751,-73.29075667489157
2015-02,2025-02,3.7668137721619392,0.0,True,12,3.9397050821511015,4.589855523702524,False,,1.0551506567467448,-71.98824469251242,False,,1.0551506567467448,-71.98824469251242
2015-03,2025-03,3.2564273360307157,0.0,True,11,3.5750174529644436,9.783424718515587,False,,1.057250647095591,-67.5334181298121,False,,1.057250647095591,-67.5334181298121
2015-04,2025-04,2.9399752221304105,0.0,True,10,3.2550818163020243,10.7180016960577,False,,1.0592071202181674,-63.972243294940824,False,,1.0592071202181674,-63.972243294940824
2015-05,2025-05,3.2426950386967706,0.0,True,9,3.5134604402696072,8.350011282024727,False,,1.0610447373979088,-67.2789230952677,False,,1.0610447373979088,-67.2789230952677
2015-06,2025-06,3.324419473287994,0.0,True,8,3.5675588285201427,7.313738750052301,False,,1.0627952339945768,-68.03065189172935,False,,1.0627952339945768,-68.03065189172935
2015-07,2025-07,3.3667449288379028,0.0,True,7,3.6853742512299053,9.46401729643307,False,,1.0645552777473906,-68.38028124349644,False,,1.0645552777473906,-68.38028124349644
2015-08,2025-08,3.5673195251021816,0.0,True,6,3.762826535930288,5.480501801209026,False,,1.0663564417181504,-70.10762747170493,False,,1.0663564417181504,-70.10762747170493
2015-09,2025-09,3.8432294453740106,0.0,True,5,3.839245837742784,-0.10365261007305726,False,,1.0681743940131727,-72.20633300208227,False,,1.0681743940131727,-72.20633300208227
2015-10,2025-10,3.8041019705026033,0.0,True,4,3.9647942662388087,4.224184761140215,False,,1.070016464490619,-71.8720351665745,False,,1.070016464490619,-71.8720351665745
2015-11,2025-11,3.562359708685486,0.0,True,3,4.0005491666525055,12.300539355940332,False,,1.0718984443181472,-69.91043768812222,False,,1.0718984443181472,-69.91043768812222
2015-12,2025-12,3.6725692673609505,0.0,True,51,2.6175071149032307,-28.728175717047012,False,,1.0738220246267123,-70.76101370857619,False,,1.0738220246267123,-70.76101370857619
2016-01,2026-01,3.948001228215783,0.0,True,50,2.6417646705918116,-33.086022068293474,False,,1.0757509967865813,-72.7520095713662,False,,1.0757509967865813,-72.7520095713662
